{"average_footprint": 851.2911056964691, "min_footprint": 150.62122725418098, "max_footprint": 2149.282541992293, "percentiles": {"25": 618.5816792266601, "50": 796.9038684890747, "75": 1060.380042148726}}